{
  "project_info": {
    "project_number": "940874773466",
    "firebase_url": "https://naturalisation-a6ca8.firebaseio.com",
    "project_id": "naturalisation-a6ca8",
    "storage_bucket": "naturalisation-a6ca8.appspot.com"
  },
  "client": [
    {
      "client_info": {
        "mobilesdk_app_id": "1:940874773466:android:d5bbb1a8bbdb5480",
        "android_client_info": {
          "package_name": "com.theapp.naturalisation"
        }
      },
      "oauth_client": [
        {
          "client_id": "940874773466-q2fivbhpdmmkpbhagivlm0pkt9bll0po.apps.googleusercontent.com",
          "client_type": 1,
          "android_info": {
            "package_name": "com.theapp.naturalisation",
            "certificate_hash": "08bce5cac1c930391ecbdb15853511d2c2d059df"
          }
        },
        {
          "client_id": "940874773466-muq30u8n5l6m6ipbcisqpvsp4thmsbjp.apps.googleusercontent.com",
          "client_type": 1,
          "android_info": {
            "package_name": "com.theapp.naturalisation",
            "certificate_hash": "8e79471c5b827226daf50b8cd77984e2059843ca"
          }
        },
        {
          "client_id": "940874773466-rkdpilqa85ho4sbl879l65ftidcciq2g.apps.googleusercontent.com",
          "client_type": 1,
          "android_info": {
            "package_name": "com.theapp.naturalisation",
            "certificate_hash": "9efd28eda6b34e54ea35bad5a461f7cb3bb750b5"
          }
        },
        {
          "client_id": "940874773466-fme5gl16aiqdfe1sapls8pvv3sn6o8au.apps.googleusercontent.com",
          "client_type": 3
        }
      ],
      "api_key": [
        {
          "current_key": "AIzaSyAjaX0jDWmyVrHN18azzKXdIOcc4FJ1qPI"
        }
      ],
      "services": {
        "appinvite_service": {
          "other_platform_oauth_client": [
            {
              "client_id": "940874773466-fme5gl16aiqdfe1sapls8pvv3sn6o8au.apps.googleusercontent.com",
              "client_type": 3
            }
          ]
        }
      },
      "admob_app_id": "ca-app-pub-4315109878775682~3251144481"
    },
    {
      "client_info": {
        "mobilesdk_app_id": "1:940874773466:android:a18c898de936849b",
        "android_client_info": {
          "package_name": "com.theapp.naturalisation.full"
        }
      },
      "oauth_client": [
        {
          "client_id": "940874773466-b0vm14apvujao68k37626j13q9pb3g2d.apps.googleusercontent.com",
          "client_type": 1,
          "android_info": {
            "package_name": "com.theapp.naturalisation.full",
            "certificate_hash": "8e79471c5b827226daf50b8cd77984e2059843ca"
          }
        },
        {
          "client_id": "940874773466-vu2gm1ahe9gvptt6hiftrsqj43fe59sq.apps.googleusercontent.com",
          "client_type": 1,
          "android_info": {
            "package_name": "com.theapp.naturalisation.full",
            "certificate_hash": "9efd28eda6b34e54ea35bad5a461f7cb3bb750b5"
          }
        },
        {
          "client_id": "940874773466-fme5gl16aiqdfe1sapls8pvv3sn6o8au.apps.googleusercontent.com",
          "client_type": 3
        }
      ],
      "api_key": [
        {
          "current_key": "AIzaSyAjaX0jDWmyVrHN18azzKXdIOcc4FJ1qPI"
        }
      ],
      "services": {
        "appinvite_service": {
          "other_platform_oauth_client": [
            {
              "client_id": "940874773466-fme5gl16aiqdfe1sapls8pvv3sn6o8au.apps.googleusercontent.com",
              "client_type": 3
            }
          ]
        }
      }
    }
  ],
  "configuration_version": "1"
}